fold,accuracy,f1_score,precision,recall
1,0.7304189435336976,0.6799483500307502,0.6368455191604198,0.7304189435336976
2,0.7012750455373407,0.6550120763815817,0.6374117497350962,0.7012750455373407
3,0.7358834244080146,0.6768098860673596,0.6265367488365451,0.7358834244080146
4,0.7449908925318761,0.7245624834859952,0.7270247413690036,0.7449908925318761
5,0.75,0.7070256328873139,0.6884787601424065,0.75
